sentiment,feature_category,count,summary,original_feedback_1,original_feedback_2,original_feedback_3
positive,Ad block,2,2 positive reviews about Ad block,Bravo Jest Adblock! nie to co w Chrome czy Brave ğŸ«µğŸ‘,"It's a very good browser with a built-in ad blocker, extension manager (even if is very limited for now) and something that surprised me is the button that allows to go to the previous site I visited. It's very practical to have this while other browsers don't have it. The only drawback I found was the lack for background media play.",
positive,Address Bar,4,4 positive reviews about Address Bar,"Mb the Best browser for Android. Hopefully they add option to move url bar to the bottom of the screen and fix the issue with cache .after sometimes of use, it eats alot of memory and need to clean cache manually every time.",Edit: Finally they added a bottum address bar. What an amazing improvement. So here are 1 more stars. But I still have trouble with casting videos (chromecast) to my TV.,"Improved quite a lot. Now just add a colorful list tab switcher (exactly like yandex browser) and a single line bottom bar with just address bar, tab switcher and more button. Also please give us the flag back to tweak webpage dark mode style to set it to selective inversion of non image elements"
positive,Ads,1,1 positive reviews about Ads,Easy parking open space. Here they have drug and alcohol urine test for commercial pre-employment test too.,,
positive,Appearance,31,31 positive reviews about Appearance,un moteur de recherche qui a du rÃ©pondant,"gosto muito de usar o edge no Android, acho ele rÃ¡pido e oferece vÃ¡rias maneiras de navegar de maneira segura",Melhor navegador da atualidade. JÃ¡ com bloqueio de anÃºncio. IA integrada e muito boa.. leve e rÃ¡pido.. Mesmo baseado em Chromium Ã© muito melhor que Chrome..
positive,Battery and Memory Consumption,4,4 positive reviews about Battery and Memory Consumption,"Ã“timo, sÃ³ falta ter opÃ§Ã£o de colocar a barra de ferramentas pra cima","Vim editar minha classificaÃ§Ã£o depois de 5 anos. Por que agora o navegador Microsoft Edeg Ã© o melhor na minha opiniÃ£o, tanto em dispositivos mÃ³veis como no PC, em todos os sentidos. Suas novas funÃ§Ãµes superaram as minhas espectativas em um navegador. ParabÃ©ns Microsoft! Hoje eu #amo-o-edeg!","After the latest update, Instagram is not working in the incognito window."
positive,Bing,9,9 positive reviews about Bing,"unlike Google, Bing ranks my company well. Funny... Duck Duck, Freespoke, Firefox, Bing, Yahoo SEARCH... Finds me in top 5. Google puts me way down the list then calls relentlessly to sell me sponsored paid placement. I refuse.",It's my default browser. I enjoy everything about it. I've even learned to enjoy the incorporation of Bing AI.,Works to make your points quota for the day. Just be careful and don't use it along with Bing as your main search engine. If your habit makes you start the day reading the latest news. If you do you risk triggering unusual activity which then not only gives you a 15 minute cooldown for months. You do it enough you can't redeem the points. So if you plan on using it to earn gift cards. I reccomend using it sparingly spreading the searches out especially when you reach level 2.
positive,Camera,1,1 positive reviews about Camera,as a result of this app I was able to get back into to Google as a back door from Microsoft One Drive in word and edge browser through Google to forget to back the pictures and all kinds of things and I'm missing out before I start writing that's my story to say to you,,
positive,Compatibility,2,2 positive reviews about Compatibility,"I have been using it since they updated the engine to be chromeapps compatible years ago. Haven't touched another browser since 2022. The sync functionality between PC, android phone, Android tablet, ipad surface Pro X is flawless. Another great feature, I can use it in my ipad as password manager, to input passwords for other apps.","When choosing web browser for android, in terms of Website rendering/compatibility and AD filtering, it's either Ms Edge or Brave. Opera has issues bypassing cloudflare, Chrome has poor AD filtering, Firefox goes through tough times.",
positive,Copilot,49,49 positive reviews about Copilot,lumayan bisa main joalor (bukan judi),j'aime bien j'utilise sur tout mais appareils ordinateur et tÃ©lÃ©phone et les mise Ã  jour son cool sur ordinateur avec copilote je vous conseille.,j'aime c'est productif
positive,Crash,1,1 positive reviews about Crash,I love the app so nice in every giving points. but please try check what is making account hanging to load on Internet sometimes,,
positive,Downloads,1,1 positive reviews about Downloads,First loved it for it's downloading features in Windows 10.,,
positive,Extensions and Addons,3,3 positive reviews about Extensions and Addons,Edge is now the best browser on Android after start supporting extension and uBlock specifically,finally ublock extension,Please add Privacy Badger extension in the next Edge updateğŸ™ğŸ»â¤ï¸.
positive,Family Safety,3,3 positive reviews about Family Safety,"per chi ha una tastiera Ã¨ il top, control tab, n, t, w e le altre cose essenziali funzionano... mi piace giÃ  e almeno posso sincronizzarla con gli altri dispositivi",it's an overall great browser and has great safety precautions,I am surprised at how I am feeling so much calmer after so much anger that had engulfed me.  Thank you Nick and family
positive,Favorites,1,1 positive reviews about Favorites,brings over my history and bookmarks from system ğŸ˜,,
positive,InPrivate,1,1 positive reviews about InPrivate,éå¸¸å¥½ï¼Œä½†æ˜¯æœ€æ–°ç‰ˆæœ¬inprivateæœç´¢çš„æ—¶å€™å¶å°”ä¼šé—ªé€€ï¼Œæ‰‹æœºå‹å·MNA-AL00,,
positive,Install and Update,5,5 positive reviews about Install and Update,all features are excellent but tab groups not update in app,very nice & my favourite browser But I request you to please make a lighter version of it.,update
positive,Navigation and Controls,1,1 positive reviews about Navigation and Controls,EspÃ¨re avoir une bonne navigation,,
positive,News Feed,2,2 positive reviews about News Feed,feedback!,Current and Excellent news coverage by MS Edge,
positive,Overflow menu,1,1 positive reviews about Overflow menu,"Edge mobile browser is great, but I noticed one problem, which is that whenever I open a website in the web app, it fills the entire screen to the point that the web app's log-in menu is covered.",,
positive,PDF,1,1 positive reviews about PDF,dont open PDF files,,
positive,Profiles and Identity,2,2 positive reviews about Profiles and Identity,another good fix for getting into my account with out having to be locked out because I spend too much time trying to Prove who I actually am. I am too poor for any hackers any way.,Verify my identity. Find and Connect all my accounts and put them in a secure trust account for my daughters and I. Link to a card I have access to internationally,
positive,Read Aloud,1,1 positive reviews about Read Aloud,I like it a lot. (Floyd's voice from Dumb and Dumber),,
positive,Resource Utilization,1,1 positive reviews about Resource Utilization,Very very slow to load some websites.,,
positive,Rewards,1,1 positive reviews about Rewards,yo nomas la uso para los puntos rewards de xbox,,
positive,Search,4,4 positive reviews about Search,"I find the customization options and the ability to turn most of it off, rewarding.",very different to Google. Can often find things on here that you can't when using Google.,because you can search stuff that what you want
positive,Security,2,2 positive reviews about Security,easy-to-use and secure,Works wonderful and very secure.,
positive,Send to Device,1,1 positive reviews about Send to Device,a little heavy on the device otherwise good,,
positive,Settings,1,1 positive reviews about Settings,Faster at loading webpages rather then goodsheperd to home. I like the set of interactively the settings make the app more personalize,,
positive,Shopping,1,1 positive reviews about Shopping,yes at least the best of the best of us get the car for sale near me and I am so happy about that one I hope everything goes smoothly with I go buy the car so wish me luck ArchieMiles â¤ï¸ ss up.,,
positive,Scrolling,1,1 positive reviews about Scrolling,"Please, stop automatically scrolling the browser tabs on startup... This mess up my workflow.",,
positive,Speed and Responsiveness,8,8 positive reviews about Speed and Responsiveness,Fast and efficient,Fast friendly service,Guter Browser auÃŸer das er nach einem Jahr benutzungen jetzt fast 30 GB groÃŸ ist cache Daten scheinen es auch nicht zu sein da hilft anscheind nur eine neu instaltion
positive,Suggestion,3,3 positive reviews about Suggestion,câ€™est 7ne trÃ¨s bonne appli je recommende,"I only use this browser to get robux, 10/10 would recommend, LOL-",I recommend this great app
positive,Tabs,1,1 positive reviews about Tabs,"Excelente navegador pero tiene un problema muy grande, cuando lo intento mover a la tarjeta de memoria para ahorrar espacio en mi dispositivo, deja de funcionar la navegaciÃ³n, sÃ­ abre la app pero no me deja acceder a ninguna pÃ¡gina web, con el argumento de que no tengo conexiÃ³n a internet. Parece que esto sÃ³lo pasa con los Samsung A0n series, porque en mi tablet sÃ­ funcionaba en la tarjeta de memoria",,
positive,Touch and Pen,1,1 positive reviews about Touch and Pen,mantap sob,,
positive,Wallet,1,1 positive reviews about Wallet,Gayet gÃ¼zel Chrome u bÄ±raktÄ±m. Yapay zeka desteÄŸi de Ã§ok iyi,,
positive,Webpage Loading,1,1 positive reviews about Webpage Loading,Itâ€™s wonderful and neat should try!!,,
positive,Workspace,8,8 positive reviews about Workspace,nice browser i honestly think people sleep over how far Microsoft edge has come but this falla is a bit heavy so try to work on that and optimise it over all a very good browser 4*,works fine,"Safe , works well!"
positive,Others,410,410 positive reviews about Others,Recomendable.,excellent,marvellous experience i love it more than any browsers
negative,Ad block,1,1 negative reviews about Ad block,"If you start typing a query in a search bar and switch to another app before hitting Enter, and then go back to Edge, text you've typed gets lost. Browser is also bloated with AI, shopping, news feed and weather (can be turned off in settings). Ad blocker often leaves empty divs where ads were blocked. Support for more extentions is needed (block autoplay, return YouTube dislikes, block annoyances such as switch to app prompt, etc.). Translated page view resets to original if you switch tabs.",,
negative,Address Bar,9,9 negative reviews about Address Bar,experience on Android Tablet not that great. Tabs and url bar never work well on Galaxy Tab 10,"EDIT yes I'm using the dark theme Address Bar Disappears - ever since the update that moved the address Bar to the bottom of the screen it randomly disappears and won't come back until you restart the browser. lots of users reporting this issue in MSFT forums and reddit, still not fix from MSFT.",Updating to 1star. Absolute trash. There isn't even address bar to type in to. And can't uninstal from surface duo....
negative,Ads,6,6 negative reviews about Ads,"1. It doesn't stay in the background for long compared to other browsers. It reloads the page quite often, which could be very annoying. 2. Background playback feature is a must. 3. A quick way to bookmark or delete the bookmark from the page itself would be a nice feature. Edit: I noticed a basic and crucial feature missing, which is to open multiple bookmarks. Edit: Forget features; could you please make it more stable? It crashes every time I open an incognito tab.",badsass,"Sick of the Edge PC browser option ""Read Aloud"", always accidentally select it when I just wanted to translate a page. It always startled me when the loud voice sudden reads, and sometimes woke my grandma's good night sleep. I can guess this function killed a lot of people from heart attack, startled by this stupid ""no one asked for"" feature."
negative,Appearance,26,26 negative reviews about Appearance,"HabÃ©is quitado el botÃ³n resumen, muy Ãºtil y por lo que lo usaba, para eso vuelvo a brave, te contesto, lo has usado ahora el resumen no coge la pÃ¡gina actual, vaya basura de actualizaciÃ³n, espabilad actualizaciÃ³n: ahora han estropeado el botÃ³n resumen, hace resÃºmenes de paginas anteriores, no la actual que estÃ¡s viendo",æ–°ç‰ˆæœ¬uiæ•´ä½“ä¸é”™ã€‚ä½†æ˜¯åœ°å€æ é‚£ä¸ªå°é”å¤´å›¾æ ‡å¤ªç¢äº‹äº†ã€‚æƒ³å¤åˆ¶ç½‘å€æˆ–è€…è¾“å…¥æ–‡å­—ï¼Œéƒ½æ˜¯ä¹ æƒ¯ç‚¹åœ°å€æ ä¸­é—´ã€‚ç»“æœé‚£ä¸ªé”å¤´åœ¨ä¸­é—´ã€‚å¤ªä¸æ–¹ä¾¿äº†ã€‚,ee nÃ£o e bom nÃ£o consigui fazer o login
negative,Battery and Memory Consumption,7,7 negative reviews about Battery and Memory Consumption,Bilgisayardaki bilgilerin eÅŸlemesi gÃ¼zel fakat bir ÅŸey aratÄ±rken dakÅŸkalarca bekliyorum hayÄ±r internet hÄ±zÄ±ndan deÄŸil aramayÄ± yÃ¼klÃ¼yor fakat ekrana bÅŸr ÅŸey yansÄ±tmasÄ± iÃ§in sÃ¼rekli yenilemem gerekÅŸyor aramayÄ±,"I don't know but when I am signing a Google account for using YouTube, it works properly for the first time. then after when I clear the cache memory of my phone (ram's cache memory) then it automatically sign out from YouTube. it have really a great feature for blocking adds","Sinceramente, no me gustÃ³ mucho este navegador. aparte de consumir espacio a lo desgraciado, el funcionamiento es mÃ¡s o menos lo mismo que Chrome, en tÃ©rminos de funcionamiento. puede que no sea culpa del navegador, sino de la red, pero... no lo recomiendo."
negative,Bing,1,1 negative reviews about Bing,Total experience is very bad because I am regular user Microsoft edge but extremely disappointed that Microsoft has stopped offering 500 and 1000 gift card amazon and flipkart voucher in app.No useful reward are available in app.I'll no choice so stop using bing and other Microsoft app and switch to Google.As soon as possible solve all Indian user problem......ğŸ¥ºğŸ¥ºğŸ˜­ğŸ˜­,,
negative,Compatibility,2,2 negative reviews about Compatibility,"AI and edge cannot yet work Compatible as in IOS **""Yes, it works completely separately, as if not integrated at all. But in iOS, it can work well.""**","I tried because some Microsoft web apps supposedly canâ€™t be opened in other browsers, well they donâ€™t work in edge either. waste of time.  Microsoft should just work on their web page compatibility instead of pretending that their eco system is the only option",
negative,Copilot,18,18 negative reviews about Copilot,"this is good browser but at recent time there are may issues and I has contact with there support but I didn't get any support from there support service they are removed Gift Card option. there are no option to redeem points also they removed amazon, flipkart, croma, make my trip, so there is no option to redeem point. I Hope they resolve my problem and giving the gift cards options again.","Haven't used it for a while, so I reinstalled it, selected an account to sign in with, and opted for the one time code sign-in, but having switched to my email client to pick up the code, I found the browser had closed, making it impossible to sign in this way. So, for now, your browser's been uninstalled. Bye.","Okay I have only 1 MS account for my 2 devices but whenever I use both of devices, it regularly prompt ""verify to sign in to sync"" then after verification, it always prompt to change password. I already used 3 unique passwords."
negative,Crash,6,6 negative reviews about Crash,App crashes frequently after the last update.,Unable to change my news language poor search results,Dross offal crash incessantly
negative,DataLoss,3,3 negative reviews about DataLoss,Was my go to browser app until today. I opened the app and all my tabs and groups were gone. Even tabs from December and older were gone. I'm so angry and disappointed.,"Where's the URL gone?? For the love of God bring it back, why would you hide where we are on a website?!",what do you guys do you piggy back another app and finagle your way onto devices? how do I tell you I have a new devise and I am not using the same devise I bought a new one can I money on with my life and switch to my new phone and let go of the old one it's gone it's over forget about the old devise man !
negative,Downloads,2,2 negative reviews about Downloads,Fix the download tab,"Download einer Datei z. B.: jpg 130 KB jetzt schon innerhalb von ca 75 Sekunden, vielleicht dank KI ğŸŒš ğŸ˜µ Leider, deshalb nur bedingt nutzbar ... ğŸ˜¬",
negative,Drop,2,2 negative reviews about Drop,ã‚¢ãƒƒãƒ—ãƒ‡ãƒ¼ãƒˆã—ã¦ã‹ã‚‰Dropã‚’é–‹ã„ã¦ã‚‚çœŸã£ç™½ã®ã¾ã¾è¡¨ç¤ºã•ã‚Œãªã„ã€‚å†ã‚¤ãƒ³ã‚¹ãƒˆãƒ¼ãƒ«ã—ã¦ã‚‚ãƒ€ãƒ¡ã€‚,Dropä¸€ç›´éƒ½åœ¨å‡åŠŸèƒ½ï¼Œå‰ä¸€é˜µå­æŠŠå…±äº«æ–‡ä»¶çš„åŠŸèƒ½ç»™å–æ¶ˆäº†ï¼Œç°åœ¨è¿æ‰“å¼€ç•Œé¢éƒ½ä¸è¡Œäº†âŒ,
negative,Extensions and Addons,6,6 negative reviews about Extensions and Addons,Keine Add-ons zum Beispiel ublock original! Warum??? Vor fast 3 Jahren bewertet und noch immer kein ublock original vorhanden.,"please add extension for crypto wallet, I will use it next time when extension suported.","You advertise as new kiwi but only supports like 10 extensions, dont waste my time."
negative,Install and Update,10,10 negative reviews about Install and Update,"slow. thanks for your response below. i also have google's app, it doesn't lag. no it's not my unit. i uninstalled your app. google's is far superior. i don't work for them. this is a review based on my experience.",Update: Bug seit 20.04.25 wieder da. Leider gibt es bei Klapphandys immer noch Probleme mit der Bedienung beim Wechsel der BildschirmgrÃ¶ÃŸe (auf-/zuklappen). App muss dann immer beendet werden. Bug ist schon ein Jahr alt...,in this browser my phone default printing service didn't work even a bit i don't know the reason but in other browsers it works perfectly except microsoft edge if developers are not going to fix this the i have no other choice but uninstall this browser. and i think that a browser is not worthy of being called a browser when it cannot work in conjunction with system apps. if they're not going to fix this in next update then I have to uninstall it
negative,New Tab Page,1,1 negative reviews about New Tab Page,"There is no Home button to take you out of whatever rabbit hole you fall into. Terrible web browser without that. It has no home page, no button to click to take you out of a webpage you've clicked a link for and you can get stuck on a website and must close the app to exit it but then the app is stuck. Right now my Edge browser opens with Reddit because there is no home page button and the app stays on the website you closed it on",,
negative,Notifications,1,1 negative reviews about Notifications,"Clear data on exit seems to be broken, it does not clear anything, all my tabs are still opened, even though every box is checked in that option, including selecting ""all time"" for how far back to delete. I do see the prompt ""clearing data"" after I select exit browser, but reopening it shows all my old tabs",,
negative,PDF,2,2 negative reviews about PDF,"nÃ£o hÃ¡ opÃ§Ã£o de salvar pdf em vÃ¡rios formatos, como faz o Opera.",æ›´æ–°åPDFæ–‡ä»¶åªèƒ½æ‰“å¼€ï¼Œæ— æ³•ä¸‹è½½,
negative,Privacy,1,1 negative reviews about Privacy,"Convicted monopolists produce junk. Google Chrome is already bad for privacy, and copying them won't convince me to use your browser.",,
negative,Profiles and Identity,2,2 negative reviews about Profiles and Identity,O navegador simplesmente nÃ£o deixa eu entrar na minha conta. Ao digitar os detalhes de login automaticamente me joga pra uma tela de erro com umas letras pequenas que mal dÃ¡ pra ler.,Account,
negative,Read Aloud,2,2 negative reviews about Read Aloud,please ğŸ™ bring back old voice and accent of premwadee and I can't use read aloud it doesn't have any voice to chosen it only have reading speed line show up. it like sometime read aloud work but sometime it not working.,Please bring back the old synthetic voice of Premwadee. The new synthetic voice sounds like the voice of Grandma Kae from 30 years ago. The tone and accent are very bad (It's so disgusting that I don't want to listen to it). Please fix it as soon as possible.,
negative,Resource Utilization,2,2 negative reviews about Resource Utilization,slow disgusting app,Unbelievable slow comparing to slow. Can't open any pages,
negative,Send to Device,1,1 negative reviews about Send to Device,don't likedevice info being released.,,
negative,Scrolling,1,1 negative reviews about Scrolling,"Die angeklickten Berichte Ã¶ffnen sich in 90% der Aufrufe nur in BildschirmgrÃ¶ÃŸe; scrollt man nach unten, so bleibt nur ein schwarzes Feld. Teilweise friert die Anzeige vollstÃ¤ndig ein, sodass man die App am besten schlieÃŸt.",,
negative,Speed and Responsiveness,1,1 negative reviews about Speed and Responsiveness,"terrible, says it has to shut down because there's a bug and right now it's completely unresponsive",,
negative,Tabs,9,9 negative reviews about Tabs,è¿›tabsçš„æ—¶å€™è‡ªåŠ¨è·³åˆ°æœ€ä¸Šé¢ï¼Œæƒ³è¦è¿›åŒä¸€ä¸ªç»„çš„å…¶ä»–æ ‡ç­¾é¡µåˆè¦é‡æ–°ç¿»è€Œä¸”è¿™ä¸ªbugå·²ç»å¾ˆä¹…äº†,"Lost ALL the opened tabs just by resizing the window and NO way to recover them!!!!! Enough, this time I'll switch to another browser for good.",no me ayudÃ³ mucho a restablecer la contraseÃ±a de mi laptop
negative,Themes,1,1 negative reviews about Themes,"Edge has improved a lot and works great for browsing, but once I made it my default browser, i realised links stopped opening in their respective apps. It keeps asking if I want to open it in app or in the browserâ€”every single time! No option to set a default. Apps like Chrome handle this smoothly. Really frustrating and breaks the flow. Switched back to Chrome/Kiwi. Will return if this gets fixed.",,
negative,Touch and Pen,1,1 negative reviews about Touch and Pen,this is not good app becouse he shering all tapye data to 3th party,,
negative,Wallet,2,2 negative reviews about Wallet,why remove Amazon pay in Flipkart pay,Amazon pay gift card not show,
negative,Web Media,1,1 negative reviews about Web Media,"Embedded video links to YouTube do nothing. Edge will not play videos on YouTube, clicking the link on the video for that goes right back to the Edge page instead.",,
negative,Webpage Loading,1,1 negative reviews about Webpage Loading,stuck on loading screen,,
negative,Others,62,62 negative reviews about Others,ë¡œê·¸ì¸ì€ íˆ­í•˜ë©´ í’€ë¦¬ê³ ..í˜ì´ì§€ ë¡œë”©ì€ ì´ë†ˆë§Œ ê³„ì† ë¬´í•œ ë¡œë”©..ì‚¼ì„±ì¸í„°ë„· ë¸Œë¼ìš°ì €ë‘ í¬ë¡¬ì€ ë°”ë¡œ ì—´ë¦¬ëŠ”ë°..ì¥ë‹¨ì ì´ ìˆì–´ì„œ ì—£ì§€ ë¸Œë¼ìš°ì €ì“°ëŠ”ë° ì§„ì§œ ì† ì²œë¶ˆë‚˜ì„œ ëª»ì“¸ì§€ê²½,maskara na komputerze nie da siÄ™ tego uÅ¼ywaÄ‡. a co dopiero na urzÄ…dzeniach mobilnych. nie waÅ¼ne czy nazwya siÄ™ edge czy Explorer i tak to bÄ™dzie przegladarka ktÃ³ra sÅ‚uÅ¼y wyÅ‚Ä…cznie do pobrania Chrome na komputerach,Åšmieci reklamowych puszcza takÄ… samÄ… iloÅ›Ä‡ jak Chrome. Syf zajmujÄ…cy niepotrzebnie miejsce i pamiÄ™Ä‡. Dodatkowo Å›ciÄ…gajÄ…cy na uÅ¼ytkownika niebezpieczeÅ„stwo przekazania danych wraÅ¼liwych innym zÅ‚odziejom...
neutral,Ad block,3,3 neutral reviews about Ad block,"There seems to be a significant amount of bugs such as ads and crashing, going on with this browser as of now, still recently with Edge. I just got around to updating as of this review and pray to God that these bugs stop. This browser seriously needs an ad blocker, idk what you were thinking but its almost making me want to stop using this browser ever again. I don't know how many times I have had to spam the back button to escape ads but that is not okay.",Pretty good. Ad blocker works most of the time. But lately the navigation bar keeps moving to the top when it's set to the bottom. Bitwarden doesn't always work and then I have to manually open Bitwarden and then switch back to Edge for it to work.,"Buon browser, ma estremamente poco personalizzabile. In piÃ¹ per quanto riguarda le estensioni mancano degli Adblocker potenti tipo Ublock Origin full o Ublock origin Lite o Adguard che dovrebbero esserci sempre in ogni browser che supporta le estensioni. Spero che almeno uno di questi Adblocker venga implementato perchÃ© un Adblocker efficace serve anche per bloccare un possibile download automatico di virus o malware altrimenti Firefox per sempre!"
neutral,Address Bar,2,2 neutral reviews about Address Bar,Microsoft did you seriously add the that stupid clip it thing on the search bar again please remove that and put the profile icon back on the search bar,"Latest UI change is impractical and many things like Javascript enable or disable, microphone, location settings specific for each site cannot be changed with the address bar button like before. Now people will have to create expections manually in the settings, copy paste the URL and set the desired settings manually for eash website they browse. I like the new features they added but they didn't need to remove the existing basic features for that.",
neutral,Appearance,5,5 neutral reviews about Appearance,pode melhorar o designer e adicionar os apps que sÃ£o usados online.,"Muito bom em vÃ¡rios aspectos retira as propagandas do YouTube porÃ©m nÃ£o tem bloqueado propagandas de certos sites, nÃ£o funciona em segundo plano e tem deixado a concorrÃªncia passar a frente por falta de recursos","ê°¤ëŸ­ì‹œ í´ë“œì—ì„œì˜ UI ë¬¸ì œ.... ì—£ì§€ 131? 132? ë¶€í„° ë°œìƒí•œ ë¬¸ì œì¸ë°, í¼ì¹œí™”ë©´(ì„¸ë¡œ)ì—ì„œ ì½”íŒŒì¼ëŸ¿ì´ ì•ˆë³´ì…ë‹ˆë‹¤. í¼ì¹œí™”ë©´(ê°€ë¡œ)ì—ì„œëŠ” ì˜ ë³´ì´ê³ ìš”.. ê·¸ë¦¬ê³  í¼ì¹œí™”ë©´(ì„¸ë¡œ)ì—ì„œëŠ” íƒ­ ëª©ë¡ì˜ ìƒë‹¨ ui ë„ ì˜¤ë¥¸ìª½ìœ¼ë¡œ ëª°ë ¤ë³´ì—¬ìš”. ì–¸ì œì¯¤ í•´ê²°ì´ ë˜ëŠ”ê²ƒì¸ì§€...ã… ã… "
neutral,Battery and Memory Consumption,1,1 neutral reviews about Battery and Memory Consumption,"To be better than Chrome : -Add the option to open multiple tabs at once from the History page. Don't make the History page close automatically after opening new tabs. - The flow to open a new Tab is taking too much steps, also too long to close. Disable the animations. - Improve screen estate availability, ideally with a smooth full screen position - Improve battery usage efficiency. Still not updated.",,
neutral,Camera,1,1 neutral reviews about Camera,Add Picture-in-picture (Google) extension please! this extension really makes watching video on phone 10/10. going to migrate into edge from Kiwi once this extension is finally available,,
neutral,Compatibility,1,1 neutral reviews about Compatibility,still can not install add-on. your browser not compatible,,
neutral,Copilot,10,10 neutral reviews about Copilot,this is good app and helpful but theres a error or something wrong about when I log out and log in and it's say to many requests and I can't log in,extensi yang di tambahkan tidak muncul apk sangat parah. tidak ada bedanya dengan browser yang lain cuman bisa browsing,"edge history is complete mess, especially PC version, first of all when you click history it doesn't show the whole history but you have to open the ""main menu"" to view your full history, annoying, second, when you search the history for some specific site, it shows other sites which has absolutely nothing to do with it, annoying, and last but not least, if you want to delete the history of some specific site(s) you have to select every line, it could be 1000, to delete, very annoying"
neutral,Crash,2,2 neutral reviews about Crash,"wenn man eine PDF offen will wird man neuerdings gefragt ob man nicht in den Play Store weitergeleiteten werden will, da kommt man dann zu irgendeinem Spiel. Der Zusammenhang ist mir nicht klar aber es nervt","It's a good browser, the best one in my opinion but it crashes a lot when it recovers from being on background (on private mode crashes much worse). That issue made me switch back to firefox.",
neutral,Downloads,1,1 neutral reviews about Downloads,network issue while downloading a document is worst for me even the speed of net is enough to download a small file about 80kb plz resolve this issue,,
neutral,Extensions and Addons,3,3 neutral reviews about Extensions and Addons,No ublock origin extension support .,"cant add extension, just like kiwi browser","me gusta el cambio que han experimento, pero, el tema con las extensiones sigue pendiente."
neutral,Favorites,1,1 neutral reviews about Favorites,The browser won't open my keyboard if I try and put a username into a login portal if I have another username/password combo saved in the password manager for that website.,,
neutral,InPrivate,1,1 neutral reviews about InPrivate,incognito,,
neutral,Install and Update,3,3 neutral reviews about Install and Update,asking me to update but says I am on the latest version in android,I can't log in to my Microsoft account because the app won't Recognise the pin function for Android 14 and 15 versions some kind of key error. And no way to use 1-time Auth-codes .,"was a 5 star but recently a lot of images and websites stopped loading for some reason, tried clearing cache, reinstalling, but nothing works."
neutral,PDF,1,1 neutral reviews about PDF,need improvement the find option is not working on website and pdf also,,
neutral,Resource Utilization,1,1 neutral reviews about Resource Utilization,"It takes up lot of space, slow.",,
neutral,Shopping,1,1 neutral reviews about Shopping,CAN'T GET PURCHASE ACCEPTED,,
neutral,Tabs,2,2 neutral reviews about Tabs,"Por alguna razÃ³n, no me deja iniciar sesiÃ³n en fanfiction con mi cuenta de Facebook, de hecho solo por mi tablet puedo mantener mi sesiÃ³n pero desde el mÃ³vil tengo muchos problemas y no se si es algo que le estÃ¡ pasando a todos los usuarios",lo uso en la laptop pero me falta poder usar los espacios de trabajo desde mi tablet.,
neutral,Web Media,4,4 neutral reviews about Web Media,"Ğ¿Ğ¾Ğ²Ğ°Ğ¶Ğ½Ñ– Ñ€Ğ¾Ğ·Ñ€Ğ¾Ğ±Ğ½Ğ¸ĞºĞ¸ , Ğ·Ñ€Ğ¾Ğ±Ñ–Ñ‚ÑŒ Ğ±ÑƒĞ´ÑŒ Ğ»Ğ°ÑĞºĞ° Ñ€Ğ¾Ğ·ÑˆĞ¸Ñ€ĞµĞ½Ğ½Ñ Ñ‚Ğ° Ğ´Ğ¾Ğ´Ğ°Ñ‚ĞºĞ¸ Ğ· vpn Ñ‚Ğ° Ğ±Ğ»Ğ¾ĞºÑƒĞ²Ğ°Ğ»ÑŒĞ½Ğ¸ĞºĞ¸ Ñ€ĞµĞºĞ»Ğ°Ğ¼Ğ¸ , Ñ€Ğ¾Ğ·ÑˆĞ¸Ñ€ĞµĞ½Ğ½Ñ browsec , Ñ‚Ğ° Ğ±Ğ»Ğ¾ĞºÑƒĞ²Ğ°Ğ½Ğ½Ñ Ğ² youtube , Ğ·Ğ° Ğ¼Ğ°Ğ»Ğ¾ , Ğ´Ğ¾Ğ´Ğ°Ğ¹Ñ‚Ğµ Ñ‰Ğµ Ñ‰Ğ¾ÑÑŒ , Ğ·Ğ°Ğ¹ÑˆĞ¾Ğ² Ğ² Ğ¼Ğ°Ğ³Ğ°Ğ·Ğ¸Ğ½ Ğ´Ğ¾Ğ´Ğ°Ñ‚ĞºÑ–Ğ² , Ğ´ÑƒĞ¶Ğµ Ğ·Ğ°Ğ¼Ğ°Ğ»Ğ¾ . Ğ”Ğ¾Ğ´Ğ°Ğ¹Ñ‚Ğµ Ñ‰Ğµ Ñ‰Ğ¾ÑÑŒ Ñ‰Ğ¾Ğ± Ğ±ÑƒĞ² ĞºÑ€Ğ°Ñ‰Ñ–Ğ¼ Ğ· ĞºÑ€Ğ°Ñ‰Ñ–Ñ…",can't watch videos,æ™®æ®µä½¿ã£ã¦ã‚‹ãƒ–ãƒ©ã‚¦ã‚¶ã‚¢ãƒ—ãƒªã§ãƒ”ã‚¯ãƒãƒ£ãƒ¼ã‚¤ãƒ³ãƒ”ã‚¯ãƒãƒ£ãƒ¼ãŒä½¿ãˆãªããªã£ãŸã®ã§ã€ãã®ä»£æ›¿ã‚¢ãƒ—ãƒªã¨ã—ã¦åˆ©ç”¨ã€‚ä»Šã®æ‰€ã¯å•é¡Œãªãä½¿ãˆã¦ã„ã‚‹ãŒã€â‘ ãƒ”ã‚¯ãƒãƒ£ãƒ¼ã‚¤ãƒ³ãƒ”ã‚¯ãƒãƒ£ãƒ¼ã‚’åˆ©ç”¨ã™ã‚‹ã«ã¯ãƒ‡ã‚¹ã‚¯ãƒˆãƒƒãƒ—å½¢å¼ã§è¡¨ç¤ºã—ãªã„ã¨ã„ã‘ãªã„ã€‚ â‘¡youtubeã‚’ãƒ¢ãƒã‚¤ãƒ«ã‚µã‚¤ãƒˆè¡¨ç¤ºã‹ã‚‰ãƒ‡ã‚¹ã‚¯ãƒˆãƒƒãƒ—è¡¨ç¤ºã«å¤‰æ›´ã™ã‚‹ã¨åºƒå‘Šãƒ–ãƒ­ãƒƒã‚¯ãŒåŠ¹ã‹ãªããªã‚‹ã€‚ â‘¢ãƒ‡ã‚¹ã‚¯ãƒˆãƒƒãƒ—è¡¨ç¤ºã§å‹•ç”»ã‚’ãƒ•ãƒ«ã‚¹ã‚¯ãƒªãƒ¼ãƒ³ã«ã™ã‚‹ã¨ä¸‹ã®æ–¹ãŒåˆ‡ã‚Œã‚‹ã€‚ã“ã®ï¼“ç‚¹ã¯æ”¹å–„ã—ã¦ã»ã—ã„ã€‚ãã‚Œä»¥å¤–ã¯ãŠãŠã‚€ã­æº€è¶³ã€‚
neutral,Workspace,1,1 neutral reviews about Workspace,works,,
neutral,Others,19,19 neutral reviews about Others,ä¸ºä»€ä¹ˆä¸Šä¸ªç‰ˆæœ¬è¿˜æœ‰çš„å·¥ä½œåŒºè¿™ä¸ªç‰ˆæœ¬æ²¡æœ‰äº†,edge banner showing as top of the browser and it hides the top page. check and fix this issue.,not sure anymore
